path,backend,cfo_initial_hz,cfo_final_hz,sample_rate_ratio_initial,sample_rate_ratio_used,sample_rate_error_ppm,chunk_count,chunk_time_avg_us,chunk_time_max_us
/home/aquay/lora-lite-phy/golden_vectors/custom/tx_sf7_bw125000_cr3_crc1_impl0_ldro0_criminal.cf32,cpp_stream,-975.973348735,-225.973348735,1.0,0.99995,-50.0,12,3510.852833333,17570.014
/home/aquay/lora-lite-phy/golden_vectors/custom/tx_sf8_bw125000_cr4_crc1_impl0_ldro0_pay44.cf32,cpp_stream,-488.28125,-238.28125,1.0,1.0,0.0,8,1719.85225,5078.32
/home/aquay/lora-lite-phy/golden_vectors/extended_batch/tx_sf10_bw125000_cr3_crc1_impl0_ldro0_pay19.cf32,cpp_stream,-122.0703125,-61.03515625,1.0,1.0,0.0,49,270281.265836735,13043691.551
/home/aquay/lora-lite-phy/golden_vectors/extended_batch/tx_sf10_bw125000_cr3_crc1_impl0_ldro1_pay19.cf32,cpp_stream,-122.0703125,-61.03515625,1.0,1.0,0.0,56,3632.316482143,33696.75
/home/aquay/lora-lite-phy/golden_vectors/extended_batch/tx_sf10_bw125000_cr3_crc1_impl0_ldro2_pay19.cf32,cpp_stream,-122.0703125,-61.03515625,1.0,1.0,0.0,49,262311.732857143,12650613.284
/home/aquay/lora-lite-phy/golden_vectors/extended_batch/tx_sf10_bw125000_cr4_crc1_impl0_ldro0_pay19.cf32,cpp_stream,-122.0703125,-61.03515625,1.0,1.0,0.0,53,278268.685981132,14551349.599
/home/aquay/lora-lite-phy/golden_vectors/extended_batch/tx_sf10_bw125000_cr4_crc1_impl0_ldro1_pay19.cf32,cpp_stream,-122.0703125,-61.03515625,1.0,1.0,0.0,61,3360.345360656,33443.336
/home/aquay/lora-lite-phy/golden_vectors/extended_batch/tx_sf10_bw125000_cr4_crc1_impl0_ldro2_pay19.cf32,cpp_stream,-122.0703125,-61.03515625,1.0,1.0,0.0,53,276973.069962264,14488092.325
/home/aquay/lora-lite-phy/golden_vectors/extended_batch/tx_sf11_bw125000_cr3_crc1_impl0_ldro0_pay19.cf32,cpp_stream,0.0,0.0,1.0,1.0,0.0,97,6606.534886598,62817.354
/home/aquay/lora-lite-phy/golden_vectors/extended_batch/tx_sf11_bw125000_cr3_crc1_impl0_ldro1_pay19.cf32,cpp_stream,-61.03515625,-31.03515625,1.0,1.0,0.0,111,5977.481045045,63519.733
/home/aquay/lora-lite-phy/golden_vectors/extended_batch/tx_sf11_bw125000_cr3_crc1_impl0_ldro2_pay19.cf32,cpp_stream,-61.03515625,-31.03515625,1.0,1.0,0.0,111,6080.466144144,66398.279
/home/aquay/lora-lite-phy/golden_vectors/extended_batch/tx_sf11_bw125000_cr4_crc1_impl0_ldro0_pay19.cf32,cpp_stream,0.0,0.0,1.0,1.0,0.0,105,5989.587980952,62473.744
/home/aquay/lora-lite-phy/golden_vectors/extended_batch/tx_sf11_bw125000_cr4_crc1_impl0_ldro1_pay19.cf32,cpp_stream,-61.03515625,-31.03515625,1.0,1.0,0.0,121,6616.39992562,77636.767
/home/aquay/lora-lite-phy/golden_vectors/extended_batch/tx_sf11_bw125000_cr4_crc1_impl0_ldro2_pay19.cf32,cpp_stream,-61.03515625,-31.03515625,1.0,1.0,0.0,121,5418.985305785,63173.337
/home/aquay/lora-lite-phy/golden_vectors/extended_batch/tx_sf12_bw125000_cr3_crc1_impl0_ldro0_pay19.cf32,cpp_stream,-30.517578125,-20.517578125,1.0,1.0,0.0,194,281652.922675258,52197226.464
/home/aquay/lora-lite-phy/golden_vectors/extended_batch/tx_sf12_bw125000_cr3_crc1_impl0_ldro1_pay19.cf32,cpp_stream,-30.517578125,-20.517578125,1.0,1.0,0.0,194,11900.272324742,124420.457
/home/aquay/lora-lite-phy/golden_vectors/extended_batch/tx_sf12_bw125000_cr3_crc1_impl0_ldro2_pay19.cf32,cpp_stream,-30.517578125,-20.517578125,1.0,1.0,0.0,194,11335.813896907,134486.435
/home/aquay/lora-lite-phy/golden_vectors/extended_batch/tx_sf12_bw125000_cr4_crc1_impl0_ldro0_pay19.cf32,cpp_stream,,,,,,,,
/home/aquay/lora-lite-phy/golden_vectors/extended_batch/tx_sf12_bw125000_cr4_crc1_impl0_ldro1_pay19.cf32,cpp_stream,-30.517578125,-10.517578125,1.0,1.0,0.0,210,15766.503619048,187433.032
/home/aquay/lora-lite-phy/golden_vectors/extended_batch/tx_sf12_bw125000_cr4_crc1_impl0_ldro2_pay19.cf32,cpp_stream,-30.517578125,-10.517578125,1.0,1.0,0.0,210,13187.963609524,137582.959
/home/aquay/lora-lite-phy/golden_vectors/extended_batch/tx_sf9_bw125000_cr3_crc1_impl0_ldro0_pay19.cf32,cpp_stream,-244.140625,-213.623046875,1.0,0.99995,-50.0,28,4021.166928571,37676.755
/home/aquay/lora-lite-phy/golden_vectors/extended_batch/tx_sf9_bw125000_cr3_crc1_impl0_ldro1_pay19.cf32,cpp_stream,-244.140625,-122.0703125,1.0,1.0,0.0,32,2619.8481875,20344.628
/home/aquay/lora-lite-phy/golden_vectors/extended_batch/tx_sf9_bw125000_cr3_crc1_impl0_ldro2_pay19.cf32,cpp_stream,-244.140625,-213.623046875,1.0,0.99995,-50.0,28,3752.386428571,34694.209
/home/aquay/lora-lite-phy/golden_vectors/extended_batch/tx_sf9_bw125000_cr4_crc1_impl0_ldro0_pay19.cf32,cpp_stream,-244.140625,-228.881835938,1.0,0.99995,-50.0,31,3704.787322581,44834.666
/home/aquay/lora-lite-phy/golden_vectors/extended_batch/tx_sf9_bw125000_cr4_crc1_impl0_ldro1_pay19.cf32,cpp_stream,-244.140625,-122.0703125,1.0,1.0,0.0,35,2420.834485714,18061.927
/home/aquay/lora-lite-phy/golden_vectors/extended_batch/tx_sf9_bw125000_cr4_crc1_impl0_ldro2_pay19.cf32,cpp_stream,-244.140625,-228.881835938,1.0,0.99995,-50.0,31,3678.615032258,44293.184
/home/aquay/lora-lite-phy/golden_vectors/extended_batch_crc_off/tx_sf10_bw125000_cr3_crc0_impl0_ldro0_pay19.cf32,cpp_stream,-122.0703125,-61.03515625,1.0,1.0,0.0,49,4416.252142857,35374.038
/home/aquay/lora-lite-phy/golden_vectors/extended_batch_crc_off/tx_sf10_bw125000_cr3_crc0_impl0_ldro1_pay19.cf32,cpp_stream,-122.0703125,-61.03515625,1.0,1.0,0.0,56,3962.572464286,35081.421
/home/aquay/lora-lite-phy/golden_vectors/extended_batch_crc_off/tx_sf10_bw125000_cr3_crc0_impl0_ldro2_pay19.cf32,cpp_stream,-122.0703125,-61.03515625,1.0,1.0,0.0,49,4163.90355102,31510.932
/home/aquay/lora-lite-phy/golden_vectors/extended_batch_crc_off/tx_sf10_bw125000_cr4_crc0_impl0_ldro0_pay19.cf32,cpp_stream,-122.0703125,-61.03515625,1.0,1.0,0.0,53,3831.350849057,33655.296
/home/aquay/lora-lite-phy/golden_vectors/extended_batch_crc_off/tx_sf10_bw125000_cr4_crc0_impl0_ldro1_pay19.cf32,cpp_stream,-122.0703125,-61.03515625,1.0,1.0,0.0,61,3395.918409836,35465.042
/home/aquay/lora-lite-phy/golden_vectors/extended_batch_crc_off/tx_sf10_bw125000_cr4_crc0_impl0_ldro2_pay19.cf32,cpp_stream,-122.0703125,-61.03515625,1.0,1.0,0.0,53,3900.67754717,35117.45
/home/aquay/lora-lite-phy/golden_vectors/extended_batch_crc_off/tx_sf11_bw125000_cr3_crc0_impl0_ldro0_pay19.cf32,cpp_stream,-61.03515625,-31.03515625,1.0,1.0,0.0,97,6803.18171134,63178.24
/home/aquay/lora-lite-phy/golden_vectors/extended_batch_crc_off/tx_sf11_bw125000_cr3_crc0_impl0_ldro1_pay19.cf32,cpp_stream,-61.03515625,-31.03515625,1.0,1.0,0.0,97,7704.059649485,91546.738
/home/aquay/lora-lite-phy/golden_vectors/extended_batch_crc_off/tx_sf11_bw125000_cr3_crc0_impl0_ldro2_pay19.cf32,cpp_stream,-61.03515625,-31.03515625,1.0,1.0,0.0,97,7025.794350515,64432.484
/home/aquay/lora-lite-phy/golden_vectors/extended_batch_crc_off/tx_sf11_bw125000_cr4_crc0_impl0_ldro0_pay19.cf32,cpp_stream,-61.03515625,-61.03515625,1.0,1.0,0.0,105,6219.25492381,64111.791
/home/aquay/lora-lite-phy/golden_vectors/extended_batch_crc_off/tx_sf11_bw125000_cr4_crc0_impl0_ldro1_pay19.cf32,cpp_stream,-61.03515625,-61.03515625,1.0,1.0,0.0,105,6371.820933333,68265.419
/home/aquay/lora-lite-phy/golden_vectors/extended_batch_crc_off/tx_sf11_bw125000_cr4_crc0_impl0_ldro2_pay19.cf32,cpp_stream,-61.03515625,-61.03515625,1.0,1.0,0.0,105,6256.365295238,65551.007
/home/aquay/lora-lite-phy/golden_vectors/extended_batch_crc_off/tx_sf12_bw125000_cr3_crc0_impl0_ldro0_pay19.cf32,cpp_stream,0.0,0.0,1.0,1.0,0.0,166,16111.620048193,128545.69
/home/aquay/lora-lite-phy/golden_vectors/extended_batch_crc_off/tx_sf12_bw125000_cr3_crc0_impl0_ldro1_pay19.cf32,cpp_stream,-30.517578125,-10.517578125,1.0,1.0,0.0,194,14751.509242268,219589.107
/home/aquay/lora-lite-phy/golden_vectors/extended_batch_crc_off/tx_sf12_bw125000_cr3_crc0_impl0_ldro2_pay19.cf32,cpp_stream,-30.517578125,-10.517578125,1.0,1.0,0.0,194,12381.439938144,131512.607
/home/aquay/lora-lite-phy/golden_vectors/extended_batch_crc_off/tx_sf12_bw125000_cr4_crc0_impl0_ldro0_pay19.cf32,cpp_stream,0.0,0.0,1.0,1.0,0.0,178,13589.682932584,138651.939
/home/aquay/lora-lite-phy/golden_vectors/extended_batch_crc_off/tx_sf12_bw125000_cr4_crc0_impl0_ldro1_pay19.cf32,cpp_stream,-30.517578125,-10.517578125,1.0,1.0,0.0,210,11388.233790476,133592.412
/home/aquay/lora-lite-phy/golden_vectors/extended_batch_crc_off/tx_sf12_bw125000_cr4_crc0_impl0_ldro2_pay19.cf32,cpp_stream,-30.517578125,-10.517578125,1.0,1.0,0.0,210,11373.386695238,142829.146
/home/aquay/lora-lite-phy/golden_vectors/extended_batch_crc_off/tx_sf9_bw125000_cr3_crc0_impl0_ldro0_pay19.cf32,cpp_stream,-244.140625,-122.0703125,1.0,1.0,0.0,25,2771.63292,16292.909
/home/aquay/lora-lite-phy/golden_vectors/extended_batch_crc_off/tx_sf9_bw125000_cr3_crc0_impl0_ldro1_pay19.cf32,cpp_stream,-244.140625,-122.0703125,1.0,1.0,0.0,32,2214.53940625,16521.815
/home/aquay/lora-lite-phy/golden_vectors/extended_batch_crc_off/tx_sf9_bw125000_cr3_crc0_impl0_ldro2_pay19.cf32,cpp_stream,-244.140625,-122.0703125,1.0,1.0,0.0,25,2879.30224,16993.642
/home/aquay/lora-lite-phy/golden_vectors/extended_batch_crc_off/tx_sf9_bw125000_cr4_crc0_impl0_ldro0_pay19.cf32,cpp_stream,-244.140625,-183.10546875,1.0,1.0,0.0,27,2473.033666667,17328.124
/home/aquay/lora-lite-phy/golden_vectors/extended_batch_crc_off/tx_sf9_bw125000_cr4_crc0_impl0_ldro1_pay19.cf32,cpp_stream,-244.140625,-183.10546875,1.0,1.0,0.0,35,2083.4328,16829.709
/home/aquay/lora-lite-phy/golden_vectors/extended_batch_crc_off/tx_sf9_bw125000_cr4_crc0_impl0_ldro2_pay19.cf32,cpp_stream,-244.140625,-183.10546875,1.0,1.0,0.0,27,2398.289592593,16910.986
/home/aquay/lora-lite-phy/golden_vectors/extended_batch_impl/tx_sf10_bw125000_cr3_crc0_impl1_ldro0_pay19.cf32,cpp_stream,0.0,0.0,1.0,1.0,0.0,34,288170.385117647,9627577.382
/home/aquay/lora-lite-phy/golden_vectors/extended_batch_impl/tx_sf10_bw125000_cr3_crc0_impl1_ldro1_pay19.cf32,cpp_stream,0.0,0.0,1.0,1.0,0.0,41,325473.178853659,13171724.832
/home/aquay/lora-lite-phy/golden_vectors/extended_batch_impl/tx_sf10_bw125000_cr3_crc0_impl1_ldro2_pay19.cf32,cpp_stream,0.0,0.0,1.0,1.0,0.0,34,308915.849794118,10328254.545
/home/aquay/lora-lite-phy/golden_vectors/extended_batch_impl/tx_sf10_bw125000_cr4_crc0_impl1_ldro0_pay19.cf32,cpp_stream,0.0,0.0,1.0,1.0,0.0,37,310128.478297297,11303271.556
/home/aquay/lora-lite-phy/golden_vectors/extended_batch_impl/tx_sf10_bw125000_cr4_crc0_impl1_ldro1_pay19.cf32,cpp_stream,0.0,0.0,1.0,1.0,0.0,45,337180.817666667,15003567.726
/home/aquay/lora-lite-phy/golden_vectors/extended_batch_impl/tx_sf10_bw125000_cr4_crc0_impl1_ldro2_pay19.cf32,cpp_stream,0.0,0.0,1.0,1.0,0.0,37,292661.642891892,10662565.572
/home/aquay/lora-lite-phy/golden_vectors/extended_batch_impl/tx_sf11_bw125000_cr3_crc0_impl1_ldro0_pay19.cf32,cpp_stream,0.0,0.0,1.0,1.0,0.0,81,346933.860901235,27491581.598
/home/aquay/lora-lite-phy/golden_vectors/extended_batch_impl/tx_sf11_bw125000_cr3_crc0_impl1_ldro1_pay19.cf32,cpp_stream,0.0,0.0,1.0,1.0,0.0,81,362096.739061728,28657244.647
/home/aquay/lora-lite-phy/golden_vectors/extended_batch_impl/tx_sf11_bw125000_cr3_crc0_impl1_ldro2_pay19.cf32,cpp_stream,0.0,0.0,1.0,1.0,0.0,81,317802.423358025,25135760.899
/home/aquay/lora-lite-phy/golden_vectors/extended_batch_impl/tx_sf11_bw125000_cr4_crc0_impl1_ldro0_pay19.cf32,cpp_stream,0.0,0.0,1.0,1.0,0.0,89,331966.752426966,28941951.13
/home/aquay/lora-lite-phy/golden_vectors/extended_batch_impl/tx_sf11_bw125000_cr4_crc0_impl1_ldro1_pay19.cf32,cpp_stream,0.0,0.0,1.0,1.0,0.0,89,335018.42494382,29211189.805
/home/aquay/lora-lite-phy/golden_vectors/extended_batch_impl/tx_sf11_bw125000_cr4_crc0_impl1_ldro2_pay19.cf32,cpp_stream,0.0,0.0,1.0,1.0,0.0,89,358568.192404494,31299884.617
/home/aquay/lora-lite-phy/golden_vectors/extended_batch_impl/tx_sf12_bw125000_cr3_crc0_impl1_ldro0_pay19.cf32,cpp_stream,0.0,0.0,1.0,1.0,0.0,134,316168.718962687,40054687.047
/home/aquay/lora-lite-phy/golden_vectors/extended_batch_impl/tx_sf12_bw125000_cr3_crc0_impl1_ldro1_pay19.cf32,cpp_stream,0.0,0.0,1.0,1.0,0.0,134,311883.085761194,39646596.945
/home/aquay/lora-lite-phy/golden_vectors/extended_batch_impl/tx_sf12_bw125000_cr3_crc0_impl1_ldro2_pay19.cf32,cpp_stream,0.0,0.0,1.0,1.0,0.0,134,359627.586067164,45722574.823
/home/aquay/lora-lite-phy/golden_vectors/extended_batch_impl/tx_sf12_bw125000_cr4_crc0_impl1_ldro0_pay19.cf32,cpp_stream,0.0,0.0,1.0,1.0,0.0,146,355204.22519863,48853379.929
/home/aquay/lora-lite-phy/golden_vectors/extended_batch_impl/tx_sf12_bw125000_cr4_crc0_impl1_ldro1_pay19.cf32,cpp_stream,0.0,0.0,1.0,1.0,0.0,146,299000.018205479,41162746.589
/home/aquay/lora-lite-phy/golden_vectors/extended_batch_impl/tx_sf12_bw125000_cr4_crc0_impl1_ldro2_pay19.cf32,cpp_stream,0.0,0.0,1.0,1.0,0.0,146,297048.948205479,41501311.823
/home/aquay/lora-lite-phy/golden_vectors/extended_batch_impl/tx_sf9_bw125000_cr3_crc0_impl1_ldro0_pay19.cf32,cpp_stream,0.0,0.0,1.0,1.0,0.0,21,355071.583,7407723.432
/home/aquay/lora-lite-phy/golden_vectors/extended_batch_impl/tx_sf9_bw125000_cr3_crc0_impl1_ldro1_pay19.cf32,cpp_stream,0.0,0.0,1.0,1.0,0.0,24,305519.378125,7279717.386
/home/aquay/lora-lite-phy/golden_vectors/extended_batch_impl/tx_sf9_bw125000_cr3_crc0_impl1_ldro2_pay19.cf32,cpp_stream,0.0,0.0,1.0,1.0,0.0,21,264606.683666667,5509032.961
/home/aquay/lora-lite-phy/golden_vectors/extended_batch_impl/tx_sf9_bw125000_cr4_crc0_impl1_ldro0_pay19.cf32,cpp_stream,0.0,0.0,1.0,1.0,0.0,23,278348.098391304,6353417.159
/home/aquay/lora-lite-phy/golden_vectors/extended_batch_impl/tx_sf9_bw125000_cr4_crc0_impl1_ldro1_pay19.cf32,cpp_stream,0.0,0.0,1.0,1.0,0.0,27,315186.98837037,8458894.707
/home/aquay/lora-lite-phy/golden_vectors/extended_batch_impl/tx_sf9_bw125000_cr4_crc0_impl1_ldro2_pay19.cf32,cpp_stream,0.0,0.0,1.0,1.0,0.0,23,284051.845,6485726.572
/home/aquay/lora-lite-phy/golden_vectors/new_batch/base_clean/tx_sf10_bw125000_cr3_crc1_impl0_ldro0_pay11.cf32,cpp_stream,-122.0703125,15.258789062,1.0,1.0,0.0,25,3914.4174,37319.725
/home/aquay/lora-lite-phy/golden_vectors/new_batch/base_clean/tx_sf10_bw125000_cr3_crc1_impl0_ldro0_pay20.cf32,cpp_stream,-122.0703125,-61.03515625,1.0,1.0,0.0,35,558507.515514286,19470416.166
/home/aquay/lora-lite-phy/golden_vectors/new_batch/base_clean/tx_sf10_bw125000_cr3_crc1_impl0_ldro0_pay21.cf32,cpp_stream,-122.0703125,-91.552734375,1.0,1.0,0.0,70,276920.734385714,19204043.595
/home/aquay/lora-lite-phy/golden_vectors/new_batch/base_clean/tx_sf10_bw125000_cr3_crc1_impl0_ldro0_pay22.cf32,cpp_stream,-122.0703125,-76.293945312,1.0,1.0,0.0,139,165719.02523741,22464885.326
/home/aquay/lora-lite-phy/golden_vectors/new_batch/base_clean/tx_sf10_bw125000_cr4_crc1_impl0_ldro0_pay15.cf32,cpp_stream,-122.0703125,-76.293945312,1.0,1.0,0.0,121,139046.620041322,16246588.281
/home/aquay/lora-lite-phy/golden_vectors/new_batch/base_clean/tx_sf10_bw125000_cr4_crc1_impl0_ldro0_pay9.cf32,cpp_stream,-122.0703125,-76.293945312,1.0,1.0,0.0,89,111661.105977528,9357545.382
/home/aquay/lora-lite-phy/golden_vectors/new_batch/base_clean/tx_sf10_bw250000_cr1_crc1_impl0_ldro0_pay21.cf32,cpp_stream,-244.140625,-122.0703125,1.0,1.0,0.0,51,228261.079,11465996.672
/home/aquay/lora-lite-phy/golden_vectors/new_batch/base_clean/tx_sf10_bw250000_cr1_crc1_impl0_ldro0_pay23.cf32,cpp_stream,-244.140625,-152.587890625,1.0,1.0,0.0,56,245251.16375,13567942.891
/home/aquay/lora-lite-phy/golden_vectors/new_batch/base_clean/tx_sf10_bw250000_cr1_crc1_impl0_ldro0_pay8.cf32,cpp_stream,-244.140625,-122.0703125,1.0,1.0,0.0,71,89873.418042254,5814796.646
/home/aquay/lora-lite-phy/golden_vectors/new_batch/base_clean/tx_sf10_bw250000_cr3_crc1_impl0_ldro0_pay10.cf32,cpp_stream,-244.140625,-213.623046875,1.0,1.0,0.0,25,463228.37096,11526039.897
/home/aquay/lora-lite-phy/golden_vectors/new_batch/base_clean/tx_sf10_bw250000_cr3_crc1_impl0_ldro0_pay19.cf32,cpp_stream,-244.140625,-122.0703125,1.0,1.0,0.0,125,145337.154872,17496110.945
/home/aquay/lora-lite-phy/golden_vectors/new_batch/base_clean/tx_sf10_bw250000_cr3_crc1_impl0_ldro0_pay20.cf32,cpp_stream,-244.140625,-122.0703125,1.0,1.0,0.0,139,155412.708374101,21005066.917
/home/aquay/lora-lite-phy/golden_vectors/new_batch/base_clean/tx_sf10_bw250000_cr3_crc1_impl0_ldro0_pay22.cf32,cpp_stream,-244.140625,-122.0703125,1.0,1.0,0.0,153,157344.120294118,23478513.742
/home/aquay/lora-lite-phy/golden_vectors/new_batch/base_clean/tx_sf10_bw250000_cr4_crc1_impl0_ldro0_pay14.cf32,cpp_stream,-244.140625,0.0,1.0,1.0,0.0,31,2938.594935484,32218.499
/home/aquay/lora-lite-phy/golden_vectors/new_batch/base_clean/tx_sf10_bw250000_cr4_crc1_impl0_ldro0_pay19.cf32,cpp_stream,-244.140625,-152.587890625,1.0,1.0,0.0,153,146799.592150327,21841578.124
/home/aquay/lora-lite-phy/golden_vectors/new_batch/base_clean/tx_sf10_bw250000_cr4_crc1_impl0_ldro0_pay9.cf32,cpp_stream,-244.140625,-213.623046875,1.0,1.0,0.0,23,420934.928,9629464.735
/home/aquay/lora-lite-phy/golden_vectors/new_batch/base_clean/tx_sf10_bw500000_cr1_crc1_impl0_ldro0_pay18.cf32,cpp_stream,-488.28125,-388.28125,1.0,1.0,0.0,51,253263.247647059,12718393.949
/home/aquay/lora-lite-phy/golden_vectors/new_batch/base_clean/tx_sf10_bw500000_cr2_crc1_impl0_ldro0_pay10.cf32,cpp_stream,-488.28125,-338.28125,1.0,1.0,0.0,45,217630.137911111,9616636.822
/home/aquay/lora-lite-phy/golden_vectors/new_batch/base_clean/tx_sf10_bw500000_cr2_crc1_impl0_ldro0_pay13.cf32,cpp_stream,-488.28125,-238.28125,1.0,1.0,0.0,23,3140.569652174,19755.855
/home/aquay/lora-lite-phy/golden_vectors/new_batch/base_clean/tx_sf10_bw500000_cr3_crc1_impl0_ldro0_pay12.cf32,cpp_stream,-488.28125,-388.28125,1.0,1.0,0.0,49,224676.119367347,10838744.244
/home/aquay/lora-lite-phy/golden_vectors/new_batch/base_clean/tx_sf10_bw500000_cr3_crc1_impl0_ldro0_pay15.cf32,cpp_stream,-488.28125,-388.28125,1.0,1.0,0.0,63,255528.118634921,15936404.248
/home/aquay/lora-lite-phy/golden_vectors/new_batch/base_clean/tx_sf10_bw500000_cr3_crc1_impl0_ldro0_pay9.cf32,cpp_stream,-488.28125,-388.28125,1.0,1.0,0.0,42,197779.432142857,8144684.725
/home/aquay/lora-lite-phy/golden_vectors/new_batch/base_clean/tx_sf10_bw500000_cr4_crc1_impl0_ldro0_pay10.cf32,cpp_stream,-488.28125,-388.28125,1.0,1.0,0.0,23,402577.846434783,9202724.913
/home/aquay/lora-lite-phy/golden_vectors/new_batch/base_clean/tx_sf10_bw500000_cr4_crc1_impl0_ldro0_pay18.cf32,cpp_stream,-488.28125,-438.28125,1.0,1.0,0.0,35,592152.122028571,20667447.513
/home/aquay/lora-lite-phy/golden_vectors/new_batch/base_clean/tx_sf10_bw500000_cr4_crc1_impl0_ldro0_pay19.cf32,cpp_stream,-488.28125,11.71875,1.0,1.0,0.0,35,2826.364342857,37256.842
/home/aquay/lora-lite-phy/golden_vectors/new_batch/base_clean/tx_sf11_bw125000_cr1_crc1_impl0_ldro0_pay23.cf32,cpp_stream,0.0,0.0,1.0,1.0,0.0,222,9307.758234234,118523.433
/home/aquay/lora-lite-phy/golden_vectors/new_batch/base_clean/tx_sf11_bw125000_cr2_crc1_impl0_ldro0_pay10.cf32,cpp_stream,0.0,0.0,1.0,1.0,0.0,154,14104.954993506,115428.758
/home/aquay/lora-lite-phy/golden_vectors/new_batch/base_clean/tx_sf11_bw125000_cr2_crc1_impl0_ldro0_pay22.cf32,cpp_stream,0.0,0.0,1.0,1.0,0.0,125,4607.546712,56565.317
/home/aquay/lora-lite-phy/golden_vectors/new_batch/base_clean/tx_sf11_bw125000_cr3_crc1_impl0_ldro0_pay17.cf32,cpp_stream,0.0,0.0,1.0,1.0,0.0,111,5169.848009009,55554.076
/home/aquay/lora-lite-phy/golden_vectors/new_batch/base_clean/tx_sf11_bw125000_cr4_crc1_impl0_ldro0_pay9.cf32,cpp_stream,0.0,0.0,1.0,1.0,0.0,178,10817.550595506,112007.366
/home/aquay/lora-lite-phy/golden_vectors/new_batch/base_clean/tx_sf11_bw250000_cr2_crc1_impl0_ldro0_pay17.cf32,cpp_stream,0.0,0.0,1.0,1.0,0.0,51,3141.035078431,28854.618
/home/aquay/lora-lite-phy/golden_vectors/new_batch/base_clean/tx_sf11_bw250000_cr3_crc1_impl0_ldro0_pay15.cf32,cpp_stream,0.0,0.0,1.0,1.0,0.0,49,3471.721693878,29820.645
/home/aquay/lora-lite-phy/golden_vectors/new_batch/base_clean/tx_sf11_bw250000_cr4_crc1_impl0_ldro0_pay13.cf32,cpp_stream,0.0,0.0,1.0,1.0,0.0,105,6146.588504762,76151.049
/home/aquay/lora-lite-phy/golden_vectors/new_batch/base_clean/tx_sf11_bw250000_cr4_crc1_impl0_ldro0_pay15.cf32,cpp_stream,-122.0703125,-91.552734375,1.0,1.0,0.0,53,570257.722716981,30045185.371
/home/aquay/lora-lite-phy/golden_vectors/new_batch/base_clean/tx_sf11_bw250000_cr4_crc1_impl0_ldro0_pay18.cf32,cpp_stream,0.0,0.0,1.0,1.0,0.0,242,8766.983731405,113121.848
/home/aquay/lora-lite-phy/golden_vectors/new_batch/base_clean/tx_sf11_bw500000_cr1_crc1_impl0_ldro0_pay11.cf32,cpp_stream,-244.140625,-152.587890625,1.0,1.0,0.0,142,115016.433133803,13945085.58
/home/aquay/lora-lite-phy/golden_vectors/new_batch/base_clean/tx_sf11_bw500000_cr1_crc1_impl0_ldro0_pay19.cf32,cpp_stream,0.0,0.0,1.0,1.0,0.0,182,12380.694456044,127844.079
/home/aquay/lora-lite-phy/golden_vectors/new_batch/base_clean/tx_sf11_bw500000_cr1_crc1_impl0_ldro0_pay20.cf32,cpp_stream,0.0,0.0,1.0,1.0,0.0,222,9364.243810811,112709.883
/home/aquay/lora-lite-phy/golden_vectors/new_batch/base_clean/tx_sf11_bw500000_cr1_crc1_impl0_ldro0_pay8.cf32,cpp_stream,0.0,0.0,1.0,1.0,0.0,61,9368.479770492,59669.847
/home/aquay/lora-lite-phy/golden_vectors/new_batch/base_clean/tx_sf11_bw500000_cr2_crc1_impl0_ldro0_pay20.cf32,cpp_stream,0.0,0.0,1.0,1.0,0.0,226,9294.212823009,113382.532
/home/aquay/lora-lite-phy/golden_vectors/new_batch/base_clean/tx_sf11_bw500000_cr3_crc1_impl0_ldro0_pay10.cf32,cpp_stream,0.0,0.0,1.0,1.0,0.0,166,12447.20523494,113538.042
/home/aquay/lora-lite-phy/golden_vectors/new_batch/base_clean/tx_sf11_bw500000_cr3_crc1_impl0_ldro0_pay13.cf32,cpp_stream,-244.140625,-122.0703125,1.0,1.0,0.0,194,134710.117778351,24132875.585
/home/aquay/lora-lite-phy/golden_vectors/new_batch/base_clean/tx_sf11_bw500000_cr3_crc1_impl0_ldro0_pay23.cf32,cpp_stream,0.0,0.0,1.0,1.0,0.0,278,7666.634798561,112195.948
/home/aquay/lora-lite-phy/golden_vectors/new_batch/base_clean/tx_sf12_bw125000_cr1_crc1_impl0_ldro0_pay15.cf32,cpp_stream,0.0,0.0,1.0,1.0,0.0,82,6609.706512195,57066.01
/home/aquay/lora-lite-phy/golden_vectors/new_batch/base_clean/tx_sf12_bw125000_cr1_crc1_impl0_ldro0_pay9.cf32,cpp_stream,0.0,0.0,1.0,1.0,0.0,243,29430.577485597,236404.909
/home/aquay/lora-lite-phy/golden_vectors/new_batch/base_clean/tx_sf12_bw125000_cr2_crc1_impl0_ldro0_pay13.cf32,cpp_stream,0.0,0.0,1.0,1.0,0.0,90,7331.931666667,61527.664
/home/aquay/lora-lite-phy/golden_vectors/new_batch/base_clean/tx_sf12_bw125000_cr2_crc1_impl0_ldro0_pay23.cf32,cpp_stream,0.0,0.0,1.0,1.0,0.0,451,17064.265572062,232161.731
/home/aquay/lora-lite-phy/golden_vectors/new_batch/base_clean/tx_sf12_bw125000_cr3_crc1_impl0_ldro0_pay17.cf32,cpp_stream,0.0,0.0,1.0,1.0,0.0,98,6065.139714286,56297.758
/home/aquay/lora-lite-phy/golden_vectors/new_batch/base_clean/tx_sf12_bw125000_cr4_crc1_impl0_ldro0_pay10.cf32,cpp_stream,-30.517578125,-20.517578125,1.0,1.0,0.0,178,272494.491044944,46473719.783
/home/aquay/lora-lite-phy/golden_vectors/new_batch/base_clean/tx_sf12_bw125000_cr4_crc1_impl0_ldro0_pay16.cf32,cpp_stream,0.0,0.0,1.0,1.0,0.0,242,10805.278061983,165539.055
/home/aquay/lora-lite-phy/golden_vectors/new_batch/base_clean/tx_sf12_bw250000_cr4_crc1_impl0_ldro0_pay12.cf32,cpp_stream,-61.03515625,-41.03515625,1.0,1.0,0.0,105,499560.843780952,51737256.618
/home/aquay/lora-lite-phy/golden_vectors/new_batch/base_clean/tx_sf12_bw500000_cr2_crc1_impl0_ldro0_pay11.cf32,cpp_stream,-122.0703125,-106.811523438,1.0,1.0,0.0,89,430870.642033708,37811695.436
/home/aquay/lora-lite-phy/golden_vectors/new_batch/base_clean/tx_sf12_bw500000_cr2_crc1_impl0_ldro0_pay18.cf32,cpp_stream,0.0,0.0,1.0,1.0,0.0,202,9918.814653465,113360.374
/home/aquay/lora-lite-phy/golden_vectors/new_batch/base_clean/tx_sf12_bw500000_cr4_crc1_impl0_ldro0_pay11.cf32,cpp_stream,-122.0703125,-76.293945312,1.0,1.0,0.0,355,142450.174884507,42172912.893
/home/aquay/lora-lite-phy/golden_vectors/new_batch/base_clean/tx_sf7_bw125000_cr1_crc1_impl0_ldro0_pay12.cf32,cpp_stream,-976.5625,-376.5625,1.0,1.0,0.0,4,2887.09225,7182.151
/home/aquay/lora-lite-phy/golden_vectors/new_batch/base_clean/tx_sf7_bw125000_cr1_crc1_impl0_ldro0_pay13.cf32,cpp_stream,-976.5625,-276.5625,1.0,0.99995,-50.0,7,3631.007428571,8494.227
/home/aquay/lora-lite-phy/golden_vectors/new_batch/base_clean/tx_sf7_bw125000_cr1_crc1_impl0_ldro0_pay15.cf32,cpp_stream,-976.5625,23.4375,1.0,1.0,0.0,4,4008.317,11500.036
/home/aquay/lora-lite-phy/golden_vectors/new_batch/base_clean/tx_sf7_bw125000_cr2_crc1_impl0_ldro0_pay10.cf32,cpp_stream,-976.5625,-326.5625,1.0,0.99995,-50.0,15,2637.5794,11411.352
/home/aquay/lora-lite-phy/golden_vectors/new_batch/base_clean/tx_sf7_bw125000_cr2_crc1_impl0_ldro0_pay18.cf32,cpp_stream,-976.5625,-26.5625,1.0,0.99995,-50.0,10,4776.0737,30834.309
/home/aquay/lora-lite-phy/golden_vectors/new_batch/base_clean/tx_sf7_bw125000_cr3_crc1_impl0_ldro0_pay9.cf32,cpp_stream,-976.5625,-476.5625,1.0,1.0,0.0,7,2910.760857143,9706.605
/home/aquay/lora-lite-phy/golden_vectors/new_batch/base_clean/tx_sf7_bw125000_cr4_crc1_impl0_ldro0_pay17.cf32,cpp_stream,-976.5625,-776.5625,1.0,1.0,0.0,11,614307.983818182,6739236.341
/home/aquay/lora-lite-phy/golden_vectors/new_batch/base_clean/tx_sf7_bw250000_cr1_crc1_impl0_ldro0_pay10.cf32,cpp_stream,-1953.125,-653.125,1.0,0.99995,-50.0,12,3822.160083333,20421.967
/home/aquay/lora-lite-phy/golden_vectors/new_batch/base_clean/tx_sf7_bw250000_cr1_crc1_impl0_ldro0_pay12.cf32,cpp_stream,-1953.125,-653.125,1.0,0.99995,-50.0,13,3862.860307692,20251.076
/home/aquay/lora-lite-phy/golden_vectors/new_batch/base_clean/tx_sf7_bw250000_cr2_crc1_impl0_ldro0_pay13.cf32,cpp_stream,-1953.125,-203.125,1.0,1.0,0.0,4,6416.5085,20757.562
/home/aquay/lora-lite-phy/golden_vectors/new_batch/base_clean/tx_sf7_bw250000_cr2_crc1_impl0_ldro0_pay20.cf32,cpp_stream,-1953.125,-103.125,1.0,0.99995,-50.0,11,6867.567545455,43362.88
/home/aquay/lora-lite-phy/golden_vectors/new_batch/base_clean/tx_sf7_bw250000_cr4_crc1_impl0_ldro0_pay14.cf32,cpp_stream,-1953.125,-1253.125,1.0,1.0,0.0,11,971440.322818182,10663597.994
/home/aquay/lora-lite-phy/golden_vectors/new_batch/base_clean/tx_sf7_bw500000_cr1_crc1_impl0_ldro0_pay19.cf32,cpp_stream,0.0,0.0,1.0,1.0,0.0,16,3229.03475,34908.097
/home/aquay/lora-lite-phy/golden_vectors/new_batch/base_clean/tx_sf7_bw500000_cr1_crc1_impl0_ldro0_pay21.cf32,cpp_stream,0.0,0.0,1.0,1.0,0.0,18,3195.970166667,37193.737
/home/aquay/lora-lite-phy/golden_vectors/new_batch/base_clean/tx_sf7_bw500000_cr3_crc1_impl0_ldro0_pay20.cf32,cpp_stream,0.0,0.0,1.0,1.0,0.0,21,2788.106952381,37542.073
/home/aquay/lora-lite-phy/golden_vectors/new_batch/base_clean/tx_sf8_bw125000_cr1_crc1_impl0_ldro0_pay23.cf32,cpp_stream,-488.28125,-288.28125,1.0,1.0,0.0,18,273050.508777778,4887961.832
/home/aquay/lora-lite-phy/golden_vectors/new_batch/base_clean/tx_sf8_bw125000_cr4_crc1_impl0_ldro0_pay12.cf32,cpp_stream,-488.28125,-238.28125,1.0,1.0,0.0,31,2304.843935484,17006.212
/home/aquay/lora-lite-phy/golden_vectors/new_batch/base_clean/tx_sf8_bw125000_cr4_crc1_impl0_ldro0_pay15.cf32,cpp_stream,-488.28125,-288.28125,1.0,1.0,0.0,39,146597.176051282,5648585.458
/home/aquay/lora-lite-phy/golden_vectors/new_batch/base_clean/tx_sf8_bw250000_cr2_crc1_impl0_ldro0_pay8.cf32,cpp_stream,-976.5625,-876.5625,1.0,0.9999,-100.0,23,106700.762173913,2374602.52
/home/aquay/lora-lite-phy/golden_vectors/new_batch/base_clean/tx_sf8_bw250000_cr3_crc1_impl0_ldro0_pay17.cf32,cpp_stream,-976.5625,-526.5625,1.0,1.0,0.0,35,184873.2462,6383980.562
/home/aquay/lora-lite-phy/golden_vectors/new_batch/base_clean/tx_sf8_bw250000_cr3_crc1_impl0_ldro0_pay19.cf32,cpp_stream,-976.5625,-626.5625,1.0,1.0,0.0,20,422548.31015,8419834.585
/home/aquay/lora-lite-phy/golden_vectors/new_batch/base_clean/tx_sf8_bw250000_cr4_crc1_impl0_ldro0_pay21.cf32,cpp_stream,-976.5625,23.4375,1.0,1.0,0.0,12,2718.467333333,19783.225
/home/aquay/lora-lite-phy/golden_vectors/new_batch/base_clean/tx_sf8_bw250000_cr4_crc1_impl0_ldro0_pay23.cf32,cpp_stream,-976.5625,-576.5625,1.0,1.0,0.0,47,216437.062765957,10093634.993
/home/aquay/lora-lite-phy/golden_vectors/new_batch/base_clean/tx_sf8_bw500000_cr1_crc1_impl0_ldro0_pay12.cf32,cpp_stream,-1953.125,-1903.125,1.0,0.9999,-100.0,7,1486606.972857143,10394661.83
/home/aquay/lora-lite-phy/golden_vectors/new_batch/base_clean/tx_sf8_bw500000_cr1_crc1_impl0_ldro0_pay8.cf32,cpp_stream,-1953.125,-3.125,1.0,0.99995,-50.0,21,5611.401,36488.194
/home/aquay/lora-lite-phy/golden_vectors/new_batch/base_clean/tx_sf8_bw500000_cr2_crc1_impl0_ldro0_pay16.cf32,cpp_stream,-1953.125,-803.125,1.0,1.000075,75.0,15,388958.081933333,5791869.371
/home/aquay/lora-lite-phy/golden_vectors/new_batch/base_clean/tx_sf8_bw500000_cr3_crc1_impl0_ldro0_pay18.cf32,cpp_stream,-1953.125,1146.875,1.0,1.000075,75.0,10,1363687.1476,13624537.601
/home/aquay/lora-lite-phy/golden_vectors/new_batch/base_clean/tx_sf8_bw500000_cr3_crc1_impl0_ldro0_pay21.cf32,cpp_stream,-1953.125,1596.875,1.0,0.99995,-50.0,39,11028.618461538,340405.068
/home/aquay/lora-lite-phy/golden_vectors/new_batch/base_clean/tx_sf9_bw125000_cr3_crc1_impl0_ldro0_pay16.cf32,cpp_stream,-244.140625,-244.140625,1.0,0.99995,-50.0,63,3445.385492063,44170.157
/home/aquay/lora-lite-phy/golden_vectors/new_batch/base_clean/tx_sf9_bw125000_cr4_crc1_impl0_ldro0_pay10.cf32,cpp_stream,-244.140625,-240.325927734,1.0,0.99995,-50.0,14,2182.930785714,10772.768
/home/aquay/lora-lite-phy/golden_vectors/new_batch/base_clean/tx_sf9_bw250000_cr1_crc1_impl0_ldro0_pay13.cf32,cpp_stream,-488.28125,-238.28125,1.0,1.0,0.0,13,2303.489846154,10102.811
/home/aquay/lora-lite-phy/golden_vectors/new_batch/base_clean/tx_sf9_bw250000_cr1_crc1_impl0_ldro0_pay15.cf32,cpp_stream,-488.28125,-485.3515625,1.0,0.99995,-50.0,26,2720.537076923,16037.985
/home/aquay/lora-lite-phy/golden_vectors/new_batch/base_clean/tx_sf9_bw250000_cr2_crc1_impl0_ldro0_pay17.cf32,cpp_stream,-488.28125,-468.45703125,1.0,0.99995,-50.0,57,3807.836947368,33320.459
/home/aquay/lora-lite-phy/golden_vectors/new_batch/base_clean/tx_sf9_bw250000_cr3_crc1_impl0_ldro0_pay10.cf32,cpp_stream,-488.28125,-468.45703125,1.0,0.99995,-50.0,25,3440.83124,22887.331
/home/aquay/lora-lite-phy/golden_vectors/new_batch/base_clean/tx_sf9_bw250000_cr4_crc1_impl0_ldro0_pay10.cf32,cpp_stream,-488.28125,-465.13671875,1.0,0.99995,-50.0,27,2881.106555556,18135.579
/home/aquay/lora-lite-phy/golden_vectors/new_batch/base_clean/tx_sf9_bw250000_cr4_crc1_impl0_ldro0_pay13.cf32,cpp_stream,-488.28125,-465.13671875,1.0,0.99995,-50.0,31,2764.587225806,22957.414
/home/aquay/lora-lite-phy/golden_vectors/new_batch/base_clean/tx_sf9_bw250000_cr4_crc1_impl0_ldro0_pay21.cf32,cpp_stream,-488.28125,-288.28125,1.0,1.0,0.0,39,297849.516358974,11546440.089
/home/aquay/lora-lite-phy/golden_vectors/new_batch/base_clean/tx_sf9_bw500000_cr1_crc1_impl0_ldro0_pay19.cf32,cpp_stream,-976.5625,-926.5625,1.0,0.99995,-50.0,14,1845.445071429,8423.67
/home/aquay/lora-lite-phy/golden_vectors/new_batch/base_clean/tx_sf9_bw500000_cr2_crc1_impl0_ldro0_pay11.cf32,cpp_stream,-976.5625,-926.5625,1.0,0.99995,-50.0,13,1990.964461538,8734.232
/home/aquay/lora-lite-phy/golden_vectors/new_batch/base_clean/tx_sf9_bw500000_cr4_crc1_impl0_ldro0_pay20.cf32,cpp_stream,-976.5625,-626.5625,1.0,1.0,0.0,69,228257.325898551,15542689.471
/home/aquay/lora-lite-phy/golden_vectors/new_batch/tx_sf10_bw125000_cr3_crc1_impl0_ldro0_pay11_snr-5.9dB.cf32,cpp_stream,-122.167666537,-76.354791586,1.0,1.0,0.0,25,453559.66852,11276349.413
/home/aquay/lora-lite-phy/golden_vectors/new_batch/tx_sf10_bw125000_cr3_crc1_impl0_ldro0_pay20_snr-9.2dB.cf32,cpp_stream,-122.129461861,15.266182733,1.0,1.0,0.0,35,2721.955114286,33142.329
/home/aquay/lora-lite-phy/golden_vectors/new_batch/tx_sf10_bw125000_cr3_crc1_impl0_ldro0_pay21_snr+9.7dB.cf32,cpp_stream,-121.997229793,-91.497922345,1.0,1.0,0.0,70,297374.420571429,20626407.12
/home/aquay/lora-lite-phy/golden_vectors/new_batch/tx_sf10_bw125000_cr3_crc1_impl0_ldro0_pay22_snr-16.8dB.cf32,cpp_stream,-122.911847122,-61.455923561,1.0,1.0,0.0,139,155479.782884892,21009888.871
/home/aquay/lora-lite-phy/golden_vectors/new_batch/tx_sf10_bw125000_cr4_crc1_impl0_ldro0_pay15_snr+1.2dB.cf32,cpp_stream,-122.057701753,-76.286063596,1.0,1.0,0.0,121,151548.05314876,17756244.615
/home/aquay/lora-lite-phy/golden_vectors/new_batch/tx_sf10_bw125000_cr4_crc1_impl0_ldro0_pay9_snr-7.4dB.cf32,cpp_stream,-122.084663196,-61.042331598,1.0,1.0,0.0,89,120493.146359551,10112054.97
/home/aquay/lora-lite-phy/golden_vectors/new_batch/tx_sf10_bw250000_cr1_crc1_impl0_ldro0_pay21_snr-5.9dB.cf32,cpp_stream,-244.648754273,-61.162188568,1.0,1.0,0.0,51,3793.657392157,32004.306
/home/aquay/lora-lite-phy/golden_vectors/new_batch/tx_sf10_bw250000_cr1_crc1_impl0_ldro0_pay23_snr-18.2dB.cf32,cpp_stream,-242.997723082,-60.749430771,1.0,1.0,0.0,56,254094.687714286,14042514.219
/home/aquay/lora-lite-phy/golden_vectors/new_batch/tx_sf10_bw250000_cr1_crc1_impl0_ldro0_pay8_snr+5.1dB.cf32,cpp_stream,-244.278491427,-122.139245714,1.0,1.0,0.0,71,90345.406661972,5806393.808
/home/aquay/lora-lite-phy/golden_vectors/new_batch/tx_sf10_bw250000_cr3_crc1_impl0_ldro0_pay10_snr-6.0dB.cf32,cpp_stream,-243.494433717,0.0,1.0,1.0,0.0,25,419424.85292,10411113.426
/home/aquay/lora-lite-phy/golden_vectors/new_batch/tx_sf10_bw250000_cr3_crc1_impl0_ldro0_pay19_snr+5.7dB.cf32,cpp_stream,-244.162854147,-122.081427073,1.0,1.0,0.0,125,131853.015048,15920048.982
/home/aquay/lora-lite-phy/golden_vectors/new_batch/tx_sf10_bw250000_cr3_crc1_impl0_ldro0_pay20_snr+7.9dB.cf32,cpp_stream,-244.353118287,-91.632419358,1.0,1.0,0.0,139,4266.595021583,55068.805
/home/aquay/lora-lite-phy/golden_vectors/new_batch/tx_sf10_bw250000_cr3_crc1_impl0_ldro0_pay22_snr-17.5dB.cf32,cpp_stream,-242.327245257,-60.581811314,1.0,1.0,0.0,153,153794.603111111,22885441.077
/home/aquay/lora-lite-phy/golden_vectors/new_batch/tx_sf10_bw250000_cr4_crc1_impl0_ldro0_pay14_snr-0.4dB.cf32,cpp_stream,-243.952197153,0.0,1.0,1.0,0.0,31,499363.975645161,15400810.973
/home/aquay/lora-lite-phy/golden_vectors/new_batch/tx_sf10_bw250000_cr4_crc1_impl0_ldro0_pay14_snr-19.3dB.cf32,cpp_stream,0.0,0.0,1.0,1.0,0.0,21,90537.022571429,1749454.309
/home/aquay/lora-lite-phy/golden_vectors/new_batch/tx_sf10_bw250000_cr4_crc1_impl0_ldro0_pay19_snr-4.4dB.cf32,cpp_stream,-244.406039302,-122.203019651,1.0,1.0,0.0,153,147582.981960784,21913755.018
/home/aquay/lora-lite-phy/golden_vectors/new_batch/tx_sf10_bw250000_cr4_crc1_impl0_ldro0_pay9_snr-10.9dB.cf32,cpp_stream,-244.995234304,-214.370830016,1.0,1.0,0.0,23,417972.388695652,9559749.009
/home/aquay/lora-lite-phy/golden_vectors/new_batch/tx_sf10_bw500000_cr1_crc1_impl0_ldro0_pay18_snr-12.1dB.cf32,cpp_stream,-490.522340008,-340.522340008,1.0,1.0,0.0,51,236693.956058824,11895660.199
/home/aquay/lora-lite-phy/golden_vectors/new_batch/tx_sf10_bw500000_cr2_crc1_impl0_ldro0_pay10_snr+8.1dB.cf32,cpp_stream,-488.148598362,-338.148598362,1.0,1.0,0.0,45,226883.950955556,10036918.797
/home/aquay/lora-lite-phy/golden_vectors/new_batch/tx_sf10_bw500000_cr2_crc1_impl0_ldro0_pay13_snr+1.0dB.cf32,cpp_stream,-487.514581963,12.485418037,1.0,1.0,0.0,23,451968.80426087,10296853.094
/home/aquay/lora-lite-phy/golden_vectors/new_batch/tx_sf10_bw500000_cr2_crc1_impl0_ldro0_pay13_snr-16.5dB.cf32,cpp_stream,-478.088398715,71.911601285,1.0,1.0,0.0,23,473000.10773913,10776157.829
/home/aquay/lora-lite-phy/golden_vectors/new_batch/tx_sf10_bw500000_cr3_crc1_impl0_ldro0_pay12_snr-4.3dB.cf32,cpp_stream,-488.704033864,-338.704033864,1.0,1.0,0.0,49,233821.198408163,11278176.785
/home/aquay/lora-lite-phy/golden_vectors/new_batch/tx_sf10_bw500000_cr3_crc1_impl0_ldro0_pay15_snr-16.7dB.cf32,cpp_stream,-496.837712258,-346.837712258,1.0,1.0,0.0,63,281281.167857143,17520682.597
/home/aquay/lora-lite-phy/golden_vectors/new_batch/tx_sf10_bw500000_cr3_crc1_impl0_ldro0_pay9_snr-13.9dB.cf32,cpp_stream,-486.993677051,-336.993677051,1.0,1.0,0.0,42,195101.702690476,8022235.18
/home/aquay/lora-lite-phy/golden_vectors/new_batch/tx_sf10_bw500000_cr4_crc1_impl0_ldro0_pay10_snr+9.8dB.cf32,cpp_stream,-487.645134021,12.354865979,1.0,1.0,0.0,23,444626.706695652,10137000.365
/home/aquay/lora-lite-phy/golden_vectors/new_batch/tx_sf10_bw500000_cr4_crc1_impl0_ldro0_pay18_snr-11.9dB.cf32,cpp_stream,-488.213580045,-438.213580045,1.0,1.0,0.0,35,571423.082857143,19941067.264
/home/aquay/lora-lite-phy/golden_vectors/new_batch/tx_sf10_bw500000_cr4_crc1_impl0_ldro0_pay19_snr+7.8dB.cf32,cpp_stream,-488.380972327,11.619027673,1.0,1.0,0.0,35,549354.936371429,19133015.782
/home/aquay/lora-lite-phy/golden_vectors/new_batch/tx_sf11_bw125000_cr1_crc1_impl0_ldro0_pay23_snr+8.8dB.cf32,cpp_stream,0.0,0.0,1.0,1.0,0.0,222,8454.730013514,105831.823
/home/aquay/lora-lite-phy/golden_vectors/new_batch/tx_sf11_bw125000_cr2_crc1_impl0_ldro0_pay10_snr+3.5dB.cf32,cpp_stream,0.0,0.0,1.0,1.0,0.0,154,12076.889584416,106654.058
/home/aquay/lora-lite-phy/golden_vectors/new_batch/tx_sf11_bw125000_cr2_crc1_impl0_ldro0_pay22_snr-8.9dB.cf32,cpp_stream,0.0,0.0,1.0,1.0,0.0,125,4463.432,53589.12
/home/aquay/lora-lite-phy/golden_vectors/new_batch/tx_sf11_bw125000_cr3_crc1_impl0_ldro0_pay17_snr+3.3dB.cf32,cpp_stream,0.0,0.0,1.0,1.0,0.0,111,4872.887783784,53757.305
/home/aquay/lora-lite-phy/golden_vectors/new_batch/tx_sf11_bw125000_cr4_crc1_impl0_ldro0_pay9_snr+4.7dB.cf32,cpp_stream,0.0,0.0,1.0,1.0,0.0,178,10800.163932584,107784.912
/home/aquay/lora-lite-phy/golden_vectors/new_batch/tx_sf11_bw250000_cr2_crc1_impl0_ldro0_pay17_snr-18.8dB.cf32,cpp_stream,0.0,0.0,1.0,1.0,0.0,51,3577.258901961,30816.158
/home/aquay/lora-lite-phy/golden_vectors/new_batch/tx_sf11_bw250000_cr3_crc1_impl0_ldro0_pay15_snr-7.0dB.cf32,cpp_stream,0.0,0.0,1.0,1.0,0.0,49,3894.778244898,32312.166
/home/aquay/lora-lite-phy/golden_vectors/new_batch/tx_sf11_bw250000_cr4_crc1_impl0_ldro0_pay13_snr+8.1dB.cf32,cpp_stream,0.0,0.0,1.0,1.0,0.0,105,6399.686285714,112584.617
/home/aquay/lora-lite-phy/golden_vectors/new_batch/tx_sf11_bw250000_cr4_crc1_impl0_ldro0_pay15_snr+3.4dB.cf32,cpp_stream,-121.970959921,15.24636999,1.0,1.0,0.0,53,488159.13654717,25650458.925
/home/aquay/lora-lite-phy/golden_vectors/new_batch/tx_sf11_bw250000_cr4_crc1_impl0_ldro0_pay18_snr-15.1dB.cf32,cpp_stream,0.0,0.0,1.0,1.0,0.0,242,7940.328239669,102912.905
/home/aquay/lora-lite-phy/golden_vectors/new_batch/tx_sf11_bw500000_cr1_crc1_impl0_ldro0_pay11_snr-15.4dB.cf32,cpp_stream,-242.003705636,-121.001852818,1.0,1.0,0.0,142,98020.639577465,11831319.013
/home/aquay/lora-lite-phy/golden_vectors/new_batch/tx_sf11_bw500000_cr1_crc1_impl0_ldro0_pay19_snr-16.2dB.cf32,cpp_stream,0.0,0.0,1.0,1.0,0.0,182,11108.478428571,107136.04
/home/aquay/lora-lite-phy/golden_vectors/new_batch/tx_sf11_bw500000_cr1_crc1_impl0_ldro0_pay20_snr-6.2dB.cf32,cpp_stream,0.0,0.0,1.0,1.0,0.0,222,8754.718621622,113473.836
/home/aquay/lora-lite-phy/golden_vectors/new_batch/tx_sf11_bw500000_cr1_crc1_impl0_ldro0_pay8_snr+8.0dB.cf32,cpp_stream,0.0,0.0,1.0,1.0,0.0,61,9004.435442623,54876.477
/home/aquay/lora-lite-phy/golden_vectors/new_batch/tx_sf11_bw500000_cr2_crc1_impl0_ldro0_pay20_snr-17.1dB.cf32,cpp_stream,0.0,0.0,1.0,1.0,0.0,226,8992.55549115,112063.454
/home/aquay/lora-lite-phy/golden_vectors/new_batch/tx_sf11_bw500000_cr3_crc1_impl0_ldro0_pay10_snr-2.2dB.cf32,cpp_stream,0.0,0.0,1.0,1.0,0.0,166,12022.189740964,105635.91
/home/aquay/lora-lite-phy/golden_vectors/new_batch/tx_sf11_bw500000_cr3_crc1_impl0_ldro0_pay13_snr-5.9dB.cf32,cpp_stream,-244.142872327,-91.553577123,1.0,1.0,0.0,194,124333.90414433,22216199.927
/home/aquay/lora-lite-phy/golden_vectors/new_batch/tx_sf11_bw500000_cr3_crc1_impl0_ldro0_pay23_snr+7.8dB.cf32,cpp_stream,0.0,0.0,1.0,1.0,0.0,278,6995.377276978,106534.831
/home/aquay/lora-lite-phy/golden_vectors/new_batch/tx_sf12_bw125000_cr1_crc1_impl0_ldro0_pay15_snr+7.3dB.cf32,cpp_stream,0.0,0.0,1.0,1.0,0.0,82,6502.652768293,53232.872
/home/aquay/lora-lite-phy/golden_vectors/new_batch/tx_sf12_bw125000_cr1_crc1_impl0_ldro0_pay9_snr-17.0dB.cf32,cpp_stream,0.0,0.0,1.0,1.0,0.0,243,29288.693942387,216076.024
/home/aquay/lora-lite-phy/golden_vectors/new_batch/tx_sf12_bw125000_cr2_crc1_impl0_ldro0_pay13_snr-3.4dB.cf32,cpp_stream,0.0,0.0,1.0,1.0,0.0,90,6120.917533333,53035.041
/home/aquay/lora-lite-phy/golden_vectors/new_batch/tx_sf12_bw125000_cr2_crc1_impl0_ldro0_pay23_snr-11.8dB.cf32,cpp_stream,0.0,0.0,1.0,1.0,0.0,451,16082.915093126,217755.123
/home/aquay/lora-lite-phy/golden_vectors/new_batch/tx_sf12_bw125000_cr3_crc1_impl0_ldro0_pay17_snr-10.9dB.cf32,cpp_stream,0.0,0.0,1.0,1.0,0.0,387,135061.770397933,45802028.212
/home/aquay/lora-lite-phy/golden_vectors/new_batch/tx_sf12_bw125000_cr3_crc1_impl0_ldro0_pay17_snr-14.8dB.cf32,cpp_stream,0.0,0.0,1.0,1.0,0.0,98,5713.214204082,57931.42
/home/aquay/lora-lite-phy/golden_vectors/new_batch/tx_sf12_bw125000_cr4_crc1_impl0_ldro0_pay10_snr+9.1dB.cf32,cpp_stream,-30.521719676,-20.521719676,1.0,1.0,0.0,178,239276.215050562,40354870.707
/home/aquay/lora-lite-phy/golden_vectors/new_batch/tx_sf12_bw125000_cr4_crc1_impl0_ldro0_pay16_snr+4.1dB.cf32,cpp_stream,0.0,0.0,1.0,1.0,0.0,242,8819.313838843,131372.961
/home/aquay/lora-lite-phy/golden_vectors/new_batch/tx_sf12_bw125000_cr4_crc1_impl0_ldro0_pay16_snr+4.5dB.cf32,cpp_stream,-30.520802952,-60.520802952,1.0,0.9999,-100.0,242,232940.79503719,54189464.251
/home/aquay/lora-lite-phy/golden_vectors/new_batch/tx_sf12_bw250000_cr4_crc1_impl0_ldro0_pay12_snr-16.3dB.cf32,cpp_stream,-61.04237005,-1.04237005,1.0,1.0,0.0,105,501794.583590476,52082325.318
/home/aquay/lora-lite-phy/golden_vectors/new_batch/tx_sf12_bw500000_cr2_crc1_impl0_ldro0_pay11_snr-14dB.cf32,cpp_stream,-121.832792995,0.0,1.0,1.0,0.0,89,456874.558078652,39944014.178
/home/aquay/lora-lite-phy/golden_vectors/new_batch/tx_sf12_bw500000_cr2_crc1_impl0_ldro0_pay18_snr-5.7dB.cf32,cpp_stream,0.0,0.0,1.0,1.0,0.0,202,10559.569237624,111274.905
/home/aquay/lora-lite-phy/golden_vectors/new_batch/tx_sf12_bw500000_cr4_crc1_impl0_ldro0_pay11_snr+3.4dB.cf32,cpp_stream,-122.103699278,-76.314812049,1.0,1.0,0.0,355,140135.712994366,42269019.423
/home/aquay/lora-lite-phy/golden_vectors/new_batch/tx_sf7_bw125000_cr1_crc1_impl0_ldro0_pay12_snr-1.6dB.cf32,cpp_stream,-976.783334612,73.216665388,1.0,0.99995,-50.0,4,3622.0775,10248.969
/home/aquay/lora-lite-phy/golden_vectors/new_batch/tx_sf7_bw125000_cr1_crc1_impl0_ldro0_pay13_snr-0.4dB.cf32,cpp_stream,-974.931772691,-274.931772691,1.0,0.99995,-50.0,7,3281.215,8938.971
/home/aquay/lora-lite-phy/golden_vectors/new_batch/tx_sf7_bw125000_cr1_crc1_impl0_ldro0_pay15_snr-17.5dB.cf32,cpp_stream,0.0,0.0,1.0,1.0,0.0,4,2962.3335,3722.938
/home/aquay/lora-lite-phy/golden_vectors/new_batch/tx_sf7_bw125000_cr1_crc1_impl0_ldro0_pay18.cf32,cpp_stream,-976.5625,-326.5625,1.0,0.99995,-50.0,7,3277.959285714,9143.256
/home/aquay/lora-lite-phy/golden_vectors/new_batch/tx_sf7_bw125000_cr1_crc1_impl0_ldro1_pay18.cf32,cpp_stream,-976.5625,-676.5625,1.0,1.0,0.0,8,1959.071875,5680.971
/home/aquay/lora-lite-phy/golden_vectors/new_batch/tx_sf7_bw125000_cr1_crc1_impl0_ldro2_pay18.cf32,cpp_stream,-976.5625,-326.5625,1.0,0.99995,-50.0,7,3053.300571429,7771.222
/home/aquay/lora-lite-phy/golden_vectors/new_batch/tx_sf7_bw125000_cr2_crc1_impl0_ldro0_pay10_snr-11.5dB.cf32,cpp_stream,-975.66513758,-325.66513758,1.0,1.0,0.0,15,139091.426,2049694.704
/home/aquay/lora-lite-phy/golden_vectors/new_batch/tx_sf7_bw125000_cr2_crc1_impl0_ldro0_pay18.cf32,cpp_stream,-976.5625,-476.5625,1.0,1.0,0.0,8,2220.437875,8061.647
/home/aquay/lora-lite-phy/golden_vectors/new_batch/tx_sf7_bw125000_cr2_crc1_impl0_ldro0_pay18_snr+3.1dB.cf32,cpp_stream,-978.654298076,-328.654298076,1.0,0.99995,-50.0,10,3196.3254,14328.837
/home/aquay/lora-lite-phy/golden_vectors/new_batch/tx_sf7_bw125000_cr2_crc1_impl0_ldro1_pay18.cf32,cpp_stream,-976.5625,-476.5625,1.0,1.0,0.0,9,2207.475222222,8043.443
/home/aquay/lora-lite-phy/golden_vectors/new_batch/tx_sf7_bw125000_cr2_crc1_impl0_ldro2_pay18.cf32,cpp_stream,-976.5625,-476.5625,1.0,1.0,0.0,8,2259.285125,8112.511
/home/aquay/lora-lite-phy/golden_vectors/new_batch/tx_sf7_bw125000_cr3_crc1_impl0_ldro0_pay9_snr-14.8dB.cf32,cpp_stream,0.0,0.0,1.0,1.0,0.0,3,201226.311333333,596730.039
/home/aquay/lora-lite-phy/golden_vectors/new_batch/tx_sf7_bw125000_cr4_crc1_impl0_ldro0_pay17_snr-4.9dB.cf32,cpp_stream,-983.695274591,-333.695274591,1.0,0.99995,-50.0,11,2805.970181818,15368.76
/home/aquay/lora-lite-phy/golden_vectors/new_batch/tx_sf7_bw250000_cr1_crc1_impl0_ldro0_pay10_snr-10.8dB.cf32,cpp_stream,-1980.730436624,-80.730436624,0.99983724,0.99995,-50.0,12,104173.032916667,1207913.876
/home/aquay/lora-lite-phy/golden_vectors/new_batch/tx_sf7_bw250000_cr1_crc1_impl0_ldro0_pay12_snr+8.7dB.cf32,cpp_stream,-1955.532309001,-655.532309001,1.0,0.99995,-50.0,13,3742.374692308,20874.588
/home/aquay/lora-lite-phy/golden_vectors/new_batch/tx_sf7_bw250000_cr2_crc1_impl0_ldro0_pay13_snr-8.6dB.cf32,cpp_stream,-1970.114774109,-20.114774109,1.0,1.0,0.0,4,6339.465,21317.343
/home/aquay/lora-lite-phy/golden_vectors/new_batch/tx_sf7_bw250000_cr2_crc1_impl0_ldro0_pay20_snr+8.1dB.cf32,cpp_stream,-1952.429046085,-452.429046085,1.0,1.0,0.0,11,3047.450818182,22187.665
/home/aquay/lora-lite-phy/golden_vectors/new_batch/tx_sf7_bw250000_cr4_crc1_impl0_ldro0_pay14_snr+9.3dB.cf32,cpp_stream,-1954.05415707,-1254.05415707,1.0,1.0,0.0,11,950177.452090909,10430507.191
/home/aquay/lora-lite-phy/golden_vectors/new_batch/tx_sf7_bw500000_cr1_crc1_impl0_ldro0_pay19_snr-15.4dB.cf32,cpp_stream,0.0,0.0,1.0,1.0,0.0,16,230377.33875,3668238.495
/home/aquay/lora-lite-phy/golden_vectors/new_batch/tx_sf7_bw500000_cr1_crc1_impl0_ldro0_pay21_snr-10.6dB.cf32,cpp_stream,0.0,0.0,1.0,1.0,0.0,18,10533.973166667,169740.008
/home/aquay/lora-lite-phy/golden_vectors/new_batch/tx_sf7_bw500000_cr3_crc1_impl0_ldro0_pay20_snr+7.8dB.cf32,cpp_stream,0.0,0.0,1.0,1.0,0.0,21,2882.620142857,40281.557
/home/aquay/lora-lite-phy/golden_vectors/new_batch/tx_sf8_bw125000_cr1_crc1_impl0_ldro0_pay18.cf32,cpp_stream,-488.28125,-468.45703125,1.0,0.9999,-100.0,12,140621.008916667,1664312.891
/home/aquay/lora-lite-phy/golden_vectors/new_batch/tx_sf8_bw125000_cr1_crc1_impl0_ldro0_pay23_snr+6.9dB.cf32,cpp_stream,-488.959729781,161.040270219,1.0,1.0,0.0,18,2269.699944444,19189.241
/home/aquay/lora-lite-phy/golden_vectors/new_batch/tx_sf8_bw125000_cr1_crc1_impl0_ldro0_pay23_snr-14.0dB.cf32,cpp_stream,0.0,0.0,1.0,1.0,0.0,11,82364.110818182,857842.426
/home/aquay/lora-lite-phy/golden_vectors/new_batch/tx_sf8_bw125000_cr1_crc1_impl0_ldro1_pay18.cf32,cpp_stream,-488.28125,-288.28125,1.0,1.0,0.0,14,1803.646,7833.744
/home/aquay/lora-lite-phy/golden_vectors/new_batch/tx_sf8_bw125000_cr1_crc1_impl0_ldro2_pay18.cf32,cpp_stream,-488.28125,-468.45703125,1.0,0.9999,-100.0,12,141185.953,1670574.937
/home/aquay/lora-lite-phy/golden_vectors/new_batch/tx_sf8_bw125000_cr2_crc1_impl0_ldro0_pay18.cf32,cpp_stream,-488.28125,-468.45703125,1.0,0.9999,-100.0,13,151266.307230769,1943687.572
/home/aquay/lora-lite-phy/golden_vectors/new_batch/tx_sf8_bw125000_cr2_crc1_impl0_ldro1_pay18.cf32,cpp_stream,-488.28125,-288.28125,1.0,1.0,0.0,16,1656.079625,9060.67
/home/aquay/lora-lite-phy/golden_vectors/new_batch/tx_sf8_bw125000_cr2_crc1_impl0_ldro2_pay18.cf32,cpp_stream,-488.28125,-468.45703125,1.0,0.9999,-100.0,13,153360.444076923,1970181.837
/home/aquay/lora-lite-phy/golden_vectors/new_batch/tx_sf8_bw125000_cr4_crc1_impl0_ldro0_pay12_snr+3.5dB.cf32,cpp_stream,-488.448015902,-476.896031804,1.0,0.9999,-100.0,31,80575.581483871,2437806.581
/home/aquay/lora-lite-phy/golden_vectors/new_batch/tx_sf8_bw125000_cr4_crc1_impl0_ldro0_pay15_snr+6.0dB.cf32,cpp_stream,-488.537492321,-288.537492321,1.0,1.0,0.0,39,140621.331307692,5419294.753
/home/aquay/lora-lite-phy/golden_vectors/new_batch/tx_sf8_bw250000_cr2_crc1_impl0_ldro0_pay8_snr-18.4dB.cf32,cpp_stream,0.0,0.0,1.0,1.0,0.0,23,51991.331347826,1146566.246
/home/aquay/lora-lite-phy/golden_vectors/new_batch/tx_sf8_bw250000_cr3_crc1_impl0_ldro0_pay17_snr-13.5dB.cf32,cpp_stream,-986.052973199,-286.052973199,1.0,1.0,0.0,35,136292.837771429,4682034.833
/home/aquay/lora-lite-phy/golden_vectors/new_batch/tx_sf8_bw250000_cr3_crc1_impl0_ldro0_pay19_snr+2.0dB.cf32,cpp_stream,-975.716510946,-175.716510946,1.0,1.0,0.0,20,2272.6615,23772.512
/home/aquay/lora-lite-phy/golden_vectors/new_batch/tx_sf8_bw250000_cr4_crc1_impl0_ldro0_pay21_snr+4.1dB.cf32,cpp_stream,-973.869652365,26.130347635,1.0,1.0,0.0,12,579759.119166667,6927791.502
/home/aquay/lora-lite-phy/golden_vectors/new_batch/tx_sf8_bw250000_cr4_crc1_impl0_ldro0_pay23_snr-12.3dB.cf32,cpp_stream,-986.885101653,-536.885101653,1.0,1.0,0.0,47,187829.338042553,8751285.69
/home/aquay/lora-lite-phy/golden_vectors/new_batch/tx_sf8_bw500000_cr1_crc1_impl0_ldro0_pay12_snr-5.6dB.cf32,cpp_stream,-1953.311809236,-1953.311809236,1.0,0.9999,-100.0,7,1275422.831857143,8915026.974
/home/aquay/lora-lite-phy/golden_vectors/new_batch/tx_sf8_bw500000_cr1_crc1_impl0_ldro0_pay8_snr+5.7dB.cf32,cpp_stream,-1953.65493018,-103.65493018,1.0,1.00005,50.0,21,51667.164,1005569.105
/home/aquay/lora-lite-phy/golden_vectors/new_batch/tx_sf8_bw500000_cr2_crc1_impl0_ldro0_pay16_snr-13.1dB.cf32,cpp_stream,-1973.56208433,-1973.56208433,1.0,0.9999,-100.0,15,571130.027333333,8532909.009
/home/aquay/lora-lite-phy/golden_vectors/new_batch/tx_sf8_bw500000_cr3_crc1_impl0_ldro0_pay18_snr-7.9dB.cf32,cpp_stream,-1956.182666908,-1656.182666908,1.0,1.0,0.0,10,2156201.9534,21545036.309
/home/aquay/lora-lite-phy/golden_vectors/new_batch/tx_sf8_bw500000_cr3_crc1_impl0_ldro0_pay21_snr-12.5dB.cf32,cpp_stream,-1956.578483843,-806.578483843,1.0,1.0,0.0,39,284318.220179487,10971899.161
/home/aquay/lora-lite-phy/golden_vectors/new_batch/tx_sf9_bw125000_cr3_crc1_impl0_ldro0_pay16_snr-11.1dB.cf32,cpp_stream,-243.737388118,-228.50380136,1.0,0.99995,-50.0,63,3330.231888889,41107.776
/home/aquay/lora-lite-phy/golden_vectors/new_batch/tx_sf9_bw125000_cr4_crc1_impl0_ldro0_pay10_snr+0.1dB.cf32,cpp_stream,-243.743164499,60.935791125,1.0,1.0,0.0,27,2815.415296296,26782.215
/home/aquay/lora-lite-phy/golden_vectors/new_batch/tx_sf9_bw125000_cr4_crc1_impl0_ldro0_pay10_snr-13.0dB.cf32,cpp_stream,-241.984748279,185.269572901,1.0,1.00005,50.0,14,76001.072785714,1044277.681
/home/aquay/lora-lite-phy/golden_vectors/new_batch/tx_sf9_bw250000_cr1_crc1_impl0_ldro0_pay13_snr-2.4dB.cf32,cpp_stream,-486.049422296,-501.605022379,1.0,0.99995,-50.0,13,5170.885,37783.485
/home/aquay/lora-lite-phy/golden_vectors/new_batch/tx_sf9_bw250000_cr1_crc1_impl0_ldro0_pay15_snr-4.4dB.cf32,cpp_stream,-489.743518983,467.147338601,1.0,1.00005,50.0,26,41660.733692308,1019908.803
/home/aquay/lora-lite-phy/golden_vectors/new_batch/tx_sf9_bw250000_cr2_crc1_impl0_ldro0_pay17_snr-2.7dB.cf32,cpp_stream,-487.155830301,-466.628224239,1.0,0.99995,-50.0,57,3826.700263158,31468.436
/home/aquay/lora-lite-phy/golden_vectors/new_batch/tx_sf9_bw250000_cr3_crc1_impl0_ldro0_pay10_snr-1.1dB.cf32,cpp_stream,-489.213293073,-89.213293073,1.0,1.0,0.0,25,3185.04216,25019.916
/home/aquay/lora-lite-phy/golden_vectors/new_batch/tx_sf9_bw250000_cr4_crc1_impl0_ldro0_pay10_snr+1.5dB.cf32,cpp_stream,-488.485281959,-288.485281959,1.0,1.0,0.0,27,236976.418222222,6330804.352
/home/aquay/lora-lite-phy/golden_vectors/new_batch/tx_sf9_bw250000_cr4_crc1_impl0_ldro0_pay13_snr-5.8dB.cf32,cpp_stream,-487.724283697,-506.586425545,1.0,0.99995,-50.0,31,3013.055967742,28340.866
/home/aquay/lora-lite-phy/golden_vectors/new_batch/tx_sf9_bw250000_cr4_crc1_impl0_ldro0_pay21_snr-18.1dB.cf32,cpp_stream,0.0,0.0,1.0,1.0,0.0,11,95474.722636364,1000155.668
/home/aquay/lora-lite-phy/golden_vectors/new_batch/tx_sf9_bw500000_cr1_crc1_impl0_ldro0_pay19_snr-10.5dB.cf32,cpp_stream,-982.294824265,-1032.294824265,1.0,0.99995,-50.0,14,2993.897285714,19501.122
/home/aquay/lora-lite-phy/golden_vectors/new_batch/tx_sf9_bw500000_cr2_crc1_impl0_ldro0_pay11_snr-9.1dB.cf32,cpp_stream,-979.795629158,-879.795629158,1.0,0.99995,-50.0,13,2086.850923077,8531.413
/home/aquay/lora-lite-phy/golden_vectors/new_batch/tx_sf9_bw500000_cr4_crc1_impl0_ldro0_pay20_snr-15.4dB.cf32,cpp_stream,-977.259290033,-227.259290033,1.0,1.0,0.0,69,3544.448666667,70909.351
/home/aquay/lora-lite-phy/golden_vectors/random_set/tx_sf10_bw125000_cr1_crc0_impl1_ldro0_pay9.cf32,cpp_stream,0.0,0.0,1.0,1.0,0.0,18,127746.803111111,2151889.92
/home/aquay/lora-lite-phy/golden_vectors/random_set/tx_sf10_bw125000_cr4_crc0_impl1_ldro1_pay16.cf32,cpp_stream,0.0,0.0,1.0,1.0,0.0,37,273735.424243243,9964928.535
/home/aquay/lora-lite-phy/golden_vectors/random_set/tx_sf11_bw125000_cr2_crc0_impl1_ldro0_pay12.cf32,cpp_stream,0.0,0.0,1.0,1.0,0.0,49,197100.541306122,9124316.13
/home/aquay/lora-lite-phy/golden_vectors/random_set/tx_sf11_bw125000_cr2_crc0_impl1_ldro1_pay19.cf32,cpp_stream,0.0,0.0,1.0,1.0,0.0,73,287906.429643836,20470298.96
/home/aquay/lora-lite-phy/golden_vectors/random_set/tx_sf12_bw125000_cr1_crc0_impl1_ldro0_pay8.cf32,cpp_stream,0.0,0.0,1.0,1.0,0.0,70,130020.903414286,7329942.203
/home/aquay/lora-lite-phy/golden_vectors/random_set/tx_sf12_bw125000_cr1_crc1_impl0_ldro1_pay20.cf32,cpp_stream,-30.517578125,-20.517578125,1.0,1.0,0.0,202,8655.706415842,98609.564
/home/aquay/lora-lite-phy/golden_vectors/random_set/tx_sf12_bw125000_cr2_crc0_impl0_ldro0_pay9.cf32,cpp_stream,-30.517578125,-30.517578125,1.0,1.0,0.0,130,12881.590315385,94883.565
/home/aquay/lora-lite-phy/golden_vectors/random_set/tx_sf12_bw125000_cr4_crc0_impl0_ldro1_pay12.cf32,cpp_stream,-30.517578125,-20.517578125,1.0,1.0,0.0,178,10155.214202247,95966.772
/home/aquay/lora-lite-phy/golden_vectors/random_set/tx_sf12_bw125000_cr4_crc1_impl1_ldro2_pay17.cf32,cpp_stream,0.0,0.0,1.0,1.0,0.0,146,264935.041719178,36987402.545
/home/aquay/lora-lite-phy/golden_vectors/random_set/tx_sf7_bw125000_cr2_crc0_impl1_ldro0_pay20.cf32,cpp_stream,0.0,0.0,1.0,1.0,0.0,6,622557.398166667,3727478.313
/home/aquay/lora-lite-phy/golden_vectors/random_set/tx_sf7_bw125000_cr3_crc0_impl0_ldro0_pay6.cf32,cpp_stream,-976.5625,-576.5625,1.0,1.0,0.0,6,2434.523,6186.854
/home/aquay/lora-lite-phy/golden_vectors/random_set/tx_sf7_bw125000_cr3_crc1_impl0_ldro1_pay8.cf32,cpp_stream,-976.5625,-626.5625,1.0,1.0,0.0,7,2177.416142857,5707.519
/home/aquay/lora-lite-phy/golden_vectors/random_set/tx_sf7_bw125000_cr4_crc1_impl0_ldro0_pay15.cf32,cpp_stream,-976.5625,-776.5625,1.0,1.0,0.0,12,520713.110333333,6234443.821
/home/aquay/lora-lite-phy/golden_vectors/random_set/tx_sf8_bw125000_cr1_crc0_impl1_ldro0_pay6.cf32,cpp_stream,0.0,0.0,1.0,1.0,0.0,5,136175.381,667582.401
/home/aquay/lora-lite-phy/golden_vectors/random_set/tx_sf8_bw125000_cr2_crc0_impl0_ldro1_pay16.cf32,cpp_stream,-488.28125,-338.28125,1.0,1.0,0.0,19,1355.716,7847.914
/home/aquay/lora-lite-phy/golden_vectors/random_set/tx_sf8_bw125000_cr2_crc0_impl1_ldro0_pay14.cf32,cpp_stream,0.0,0.0,1.0,1.0,0.0,8,258283.035125,2051445.258
/home/aquay/lora-lite-phy/golden_vectors/random_set/tx_sf8_bw125000_cr2_crc1_impl1_ldro0_pay15.cf32,cpp_stream,-488.28125,-488.28125,1.0,1.0,0.0,10,252016.245,2503348.182
/home/aquay/lora-lite-phy/golden_vectors/random_set/tx_sf9_bw125000_cr1_crc0_impl0_ldro0_pay7.cf32,cpp_stream,-244.140625,-122.0703125,1.0,1.0,0.0,18,3315.032166667,14540.2
/home/aquay/lora-lite-phy/golden_vectors/random_set/tx_sf9_bw125000_cr4_crc0_impl1_ldro0_pay18.cf32,cpp_stream,-244.140625,-244.140625,1.0,1.0,0.0,23,2180.477478261,14512.938
/home/aquay/lora-lite-phy/golden_vectors/random_set/tx_sf9_bw125000_cr4_crc1_impl0_ldro0_pay7.cf32,cpp_stream,-244.140625,-213.623046875,1.0,0.99995,-50.0,23,3341.76973913,20643.536
/home/aquay/lora-lite-phy/golden_vectors/streaming_harness/vector_001.cf32,cpp_stream,0.0,0.0,1.0,1.0,0.0,10,1047674.5654,10461345.657
/home/aquay/lora-lite-phy/golden_vectors/streaming_harness/vector_002.cf32,cpp_stream,-976.5625,-476.5625,1.0,1.0,0.0,6,1643.930166667,4997.476
/home/aquay/lora-lite-phy/golden_vectors/streaming_harness/vector_003.cf32,cpp_stream,-1953.125,-1453.125,1.0,1.0,0.0,6,2780.473166667,8065.392
/home/aquay/lora-lite-phy/golden_vectors/streaming_harness/vector_004.cf32,cpp_stream,-976.5625,-626.5625,1.0,1.0,0.0,35,2359.4684,18693.211
/home/aquay/lora-lite-phy/golden_vectors/streaming_harness/vector_005.cf32,cpp_stream,-1953.125,-1203.125,1.0,1.0,0.0,28,3419.809071429,39008.679
/home/aquay/lora-lite-phy/golden_vectors/streaming_harness/vector_006.cf32,cpp_stream,-244.140625,-228.881835938,1.0,0.99995,-50.0,61,3203.862967213,29561.865
/home/aquay/lora-lite-phy/golden_vectors/streaming_harness/vector_007.cf32,cpp_stream,-1953.125,-1953.125,1.0,1.0,0.0,2,1941416.5615,3880434.95
/home/aquay/lora-lite-phy/golden_vectors/streaming_harness/vector_008.cf32,cpp_stream,-488.28125,-288.28125,1.0,1.0,0.0,42,3996.365071429,28934.536
/home/aquay/lora-lite-phy/golden_vectors/streaming_harness/vector_009.cf32,cpp_stream,-3906.25,-3906.25,1.0,1.0,0.0,3,4680582.832,14038963.48
/home/aquay/lora-lite-phy/golden_vectors/streaming_harness/vector_010.cf32,cpp_stream,-1953.125,-1953.125,1.0,1.0,0.0,4,2104.67425,5124.396
/home/aquay/lora-lite-phy/golden_vectors/tx_sf5_bw125000_cr1_crc1_impl0_ldro0_pay20.cf32,cpp_stream,-3906.25,-2556.25,1.0,1.0,0.0,3,6329020.281333334,18973768.372
/home/aquay/lora-lite-phy/golden_vectors/tx_sf7_bw125000_cr1_crc1_impl0_ldro2_pay0.cf32,cpp_stream,0.0,0.0,1.0,1.0,0.0,0,0.0,0.0
